<?xml version="1.0"?>

<xs:schema xmlns:xs="http://www.w3.org/2001/xmlschema"

targetNameSpace="http://www.capgemini.com"

xmlns="http://www.capgemini.com"

elementFormDefault="qualified">

<xs:element name="consumer">

<xs:complexType>

<xs:sequence>

<xs:element name="consumerNo" type="xs:number"/>

<xs:element name="consumerName" type="xs:string"/>

<xs:element name="emailid" type="xs:string"/>

<xs:element name="unitsconsumed" type="xs:number"/>

</xs:sequence>

</xs:complexType>

</xs:element>

</xs:schema>



